cohort_month,customers,eligible_customers,repeated_customers,repeat_30d_pct
2010-12,884,884,308.0,34.841628959276015
2011-01,416,416,83.0,19.951923076923077
2011-02,380,380,58.0,15.263157894736842
2011-03,452,452,73.0,16.150442477876105
2011-04,300,300,46.0,15.333333333333332
2011-05,284,284,50.0,17.6056338028169
2011-06,242,242,41.0,16.94214876033058
2011-07,187,187,40.0,21.390374331550802
2011-08,169,169,24.0,14.201183431952662
2011-09,299,299,51.0,17.05685618729097
2011-10,357,357,81.0,22.689075630252102
2011-11,323,0,,
