cohort_month,activity_month,cohort_age,active_customers
2010-12,2010-12,0,884
2010-12,2011-01,1,323
2010-12,2011-02,2,286
2010-12,2011-03,3,339
2010-12,2011-04,4,320
2010-12,2011-05,5,352
2010-12,2011-06,6,320
2010-12,2011-07,7,308
2010-12,2011-08,8,312
2010-12,2011-09,9,349
2010-12,2011-10,10,330
2010-12,2011-11,11,444
2011-01,2011-01,0,416
2011-01,2011-02,1,91
2011-01,2011-03,2,111
2011-01,2011-04,3,95
2011-01,2011-05,4,132
2011-01,2011-06,5,120
2011-01,2011-07,6,103
2011-01,2011-08,7,100
2011-01,2011-09,8,123
2011-01,2011-10,9,136
2011-01,2011-11,10,152
2011-02,2011-02,0,380
2011-02,2011-03,1,71
2011-02,2011-04,2,71
2011-02,2011-05,3,109
2011-02,2011-06,4,103
2011-02,2011-07,5,93
2011-02,2011-08,6,97
2011-02,2011-09,7,104
2011-02,2011-10,8,94
2011-02,2011-11,9,116
2011-03,2011-03,0,452
2011-03,2011-04,1,67
2011-03,2011-05,2,114
2011-03,2011-06,3,90
2011-03,2011-07,4,101
2011-03,2011-08,5,76
2011-03,2011-09,6,121
2011-03,2011-10,7,104
2011-03,2011-11,8,126
2011-04,2011-04,0,300
2011-04,2011-05,1,63
2011-04,2011-06,2,61
2011-04,2011-07,3,63
2011-04,2011-08,4,59
2011-04,2011-09,5,68
2011-04,2011-10,6,65
2011-04,2011-11,7,78
2011-05,2011-05,0,284
2011-05,2011-06,1,54
2011-05,2011-07,2,49
2011-05,2011-08,3,49
2011-05,2011-09,4,59
2011-05,2011-10,5,66
2011-05,2011-11,6,75
2011-06,2011-06,0,242
2011-06,2011-07,1,42
2011-06,2011-08,2,38
2011-06,2011-09,3,64
2011-06,2011-10,4,56
2011-06,2011-11,5,80
2011-07,2011-07,0,187
2011-07,2011-08,1,33
2011-07,2011-09,2,38
2011-07,2011-10,3,42
2011-07,2011-11,4,51
2011-08,2011-08,0,169
2011-08,2011-09,1,34
2011-08,2011-10,2,41
2011-08,2011-11,3,41
2011-09,2011-09,0,299
2011-09,2011-10,1,70
2011-09,2011-11,2,90
2011-10,2011-10,0,357
2011-10,2011-11,1,84
2011-11,2011-11,0,323
