month,active_identified_customers,first_observed_customers,previously_observed_customers,identified_orders,identified_sales_gbp,first_month_sales_gbp,previous_months_customers_sales_gbp,previously_observed_customers_pct,previous_months_customers_sales_pct
2010-12,884,884,0,1394,567490.72,567490.72,0.0,0.0,0.0
2011-01,739,416,323,983,564026.64,289873.8,274152.84,43.707713125845736,48.606363699416754
2011-02,757,380,377,992,443346.02,157691.53,285654.49,49.80184940554822,64.43149980234399
2011-03,973,452,521,1312,584562.85,197217.12,387345.73,53.54573484069887,66.2624609141686
2011-04,853,300,553,1139,455266.911,120158.591,335108.32,64.83001172332942,73.60700105877011
2011-05,1054,284,770,1544,660481.9,118942.38,541539.52,73.05502846299811,81.99157615068634
2011-06,990,242,748,1390,654432.56,133916.18,520516.38,75.55555555555556,79.53705420769406
2011-07,946,187,759,1321,592731.901,72548.131,520183.77,80.23255813953489,87.76038021952188
2011-08,933,169,764,1267,636807.24,78621.98,558185.26,81.88638799571275,87.65372391180729
2011-09,1259,299,960,1739,940900.811,152079.581,788821.23,76.25099285146942,83.8368105094555
2011-10,1361,357,1004,1903,1005642.9,163352.95,842289.95,73.76928728875826,83.75636620116346
2011-11,1660,323,1337,2642,1142145.77,135056.33,1007089.4400000001,80.5421686746988,88.1752107701629
