baseline_scenario,baseline_pct,uplift_pp,n_per_group,total_n,achieved_power_pct
10%,10.0,3.0,1774,3548,80.00063440655632
10%,10.0,5.0,686,1372,80.02318546957174
10%,10.0,10.0,199,398,80.0073395424932
Исторический аналог,18.192048012003,3.0,2758,5516,80.01232349530439
Исторический аналог,18.192048012003,5.0,1030,2060,80.02873510349406
Исторический аналог,18.192048012003,10.0,279,558,80.07813430539905
20%,20.0,3.0,2943,5886,80.00560433949438
20%,20.0,5.0,1094,2188,80.00945920501611
20%,20.0,10.0,294,588,80.11387796046544
