invoice_no,order_date,last_line_date,customer_id,country,line_count,distinct_products,units,gross_sales_gbp,duplicate_lines,timestamp_count
541431,2011-01-18 10:01:00,2011-01-18 10:01:00,12346,United Kingdom,1,1,74215,77183.6,0,1
574941,2011-11-07 17:42:00,2011-11-07 17:42:00,,United Kingdom,101,101,14149,52940.94,0,1
576365,2011-11-14 17:55:00,2011-11-14 17:55:00,,United Kingdom,99,99,13956,50653.91,0,1
556444,2011-06-10 15:28:00,2011-06-10 15:28:00,15098,United Kingdom,1,1,60,38970.0,0,1
567423,2011-09-20 11:05:00,2011-09-20 11:05:00,17450,United Kingdom,12,12,12572,31698.16,0,1
556917,2011-06-15 13:37:00,2011-06-15 13:37:00,12415,Australia,138,138,15049,22775.93,0,1
572209,2011-10-21 12:08:00,2011-10-21 12:08:00,18102,United Kingdom,7,7,1920,22206.0,0,1
567381,2011-09-20 10:12:00,2011-09-20 10:12:00,17450,United Kingdom,12,12,6760,22104.8,0,1
563614,2011-08-18 08:51:00,2011-08-18 08:51:00,12415,Australia,97,97,12196,21880.44,0,1
550461,2011-04-18 13:20:00,2011-04-18 13:20:00,15749,United Kingdom,5,5,9014,21535.9,0,1
