month,orders,gross_sales_gbp,sales_mom_pct,dedup_sales_gbp,dedup_orders,dedup_sales_mom_pct,sales_removed_pct,mom_difference_pp
2010-12,1550,777931.77,,775638.36,1550,,0.29480863083918285,
2011-01,1081,671933.1900000001,-13.625691106560666,670380.24,1081,-13.570515001346761,0.2311167275425241,0.05517610521390459
2011-02,1093,508886.2,-24.265357393642073,507799.87,1093,-24.25196333352546,0.21347208865165612,0.013394060116613815
2011-03,1440,691257.61,35.83736599656269,689833.51,1440,35.847516069667364,0.20601581514595457,0.010150073104675528
2011-04,1235,516218.121,-25.321889620860738,515377.991,1235,-25.289510653084978,0.16274709581534097,0.03237896777575955
2011-05,1668,741192.41,43.5812459593994,739953.0,1668,43.57481555707334,0.16721838800265454,-0.006430402326060403
2011-06,1525,738751.87,-0.3292721251692332,737558.98,1525,-0.32353676517292707,0.16147370293627672,0.005735359996306144
2011-07,1452,689364.411,-6.685256715492316,688219.341,1452,-6.689585556940814,0.16610518061687118,-0.004328841448497656
2011-08,1339,725513.5,5.243828724427724,724216.5,1339,5.230477677028844,0.1787699332955195,-0.0133510473988796
2011-09,1818,1030475.361,42.03393334514107,1028320.381,1818,41.99074185688949,0.20912484485885452,-0.04319148825157981
2011-10,2005,1106669.82,7.394107795654525,1103314.25,2005,7.292850592640354,0.30321329265128316,-0.10125720301417118
2011-11,2751,1457745.53,31.723618341738092,1452115.98,2751,31.61399664692086,0.38618194219398605,-0.10962169481723194
