month,orders,gross_sales_gbp,units,aov_gbp,units_per_order,active_identified_customers,identified_orders,identified_sales_gbp,previous_sales_gbp,previous_orders,previous_aov_gbp,sales_mom_pct,orders_mom_pct,aov_mom_pct,identified_orders_pct,identified_sales_pct,median_order_gbp,p90_order_gbp,max_order_gbp
2010-12,1550,777931.77,358749,501.891464516129,231.45096774193547,884,1394,567490.72,,,,,,,89.93548387096774,72.94864946832034,256.28,919.8720000000001,18745.86
2011-01,1081,671933.1900000001,387424,621.584819611471,358.3940795559667,739,983,564026.64,777931.77,1550.0,501.891464516129,-13.625691106560666,-30.258064516129036,23.848454010019402,90.93432007400556,83.94088108670447,305.6,1031.83,77183.6
2011-02,1093,508886.2,283248,465.58664226898446,259.1473010064044,757,992,443346.02,671933.1900000001,1081.0,621.584819611471,-24.265357393642073,1.1100832562442209,-25.096844778158356,90.75937785910338,87.12085727614543,303.22,904.844,14022.92
2011-03,1440,691257.61,377109,480.04000694444443,261.88125,973,1312,584562.85,508886.2,1093.0,465.58664226898446,35.83736599656269,31.747483989021053,3.1043340515576556,91.11111111111111,84.56512326858868,294.605,888.8710000000012,21389.6
2011-04,1235,516218.121,308513,417.9903813765182,249.8080971659919,853,1139,455266.911,691257.61,1440.0,480.04000694444443,-25.321889620860738,-14.236111111111116,-12.925927978979324,92.22672064777328,88.19274110681597,300.25,832.1680000000009,21535.9
2011-05,1668,741192.41,395390,444.35995803357315,237.04436450839327,1054,1544,660481.9,516218.121,1235.0,417.9903813765182,43.5812459593994,35.06072874493926,6.308656330850271,92.56594724220624,89.11072092602782,304.69,817.4219999999998,14415.74
2011-06,1525,738751.87,388826,484.4274557377049,254.96786885245902,990,1390,654432.56,741192.41,1668.0,444.35995803357315,-0.3292721251692332,-8.573141486810554,9.016901046044401,91.14754098360656,88.58624750418568,284.85,817.4260000000002,38970.0
2011-07,1452,689364.411,401357,474.76887809917355,276.4166666666667,946,1321,592731.901,738751.87,1525.0,484.4274557377049,-6.685256715492316,-4.78688524590164,-1.9938130104172003,90.97796143250689,85.98237616301896,301.645,856.9760000000007,13464.26
2011-08,1339,725513.5,421445,541.8323375653473,314.7460791635549,933,1267,636807.24,689364.411,1452.0,474.76887809917355,5.243828724427724,-7.782369146005507,14.125496122381676,94.62285287528006,87.77331365991122,306.0,998.8960000000002,21880.44
2011-09,1818,1030475.361,569948,566.8181303630363,313.5027502750275,1259,1739,940900.811,725513.5,1339.0,541.8323375653473,42.03393334514107,35.7729648991785,4.611351347163839,95.65456545654565,91.30745349281572,323.865,1084.0989999999993,31698.16
2011-10,2005,1106669.82,621729,551.9550224438904,310.08927680798007,1361,1903,1005642.9,1030475.361,1818.0,566.8181303630363,7.394107795654525,10.286028602860275,-2.622200512468853,94.91271820448878,90.87108745768452,313.48,1040.5800000000013,22206.0
2011-11,2751,1457745.53,750082,529.8965939658306,272.6579425663395,1660,2642,1142145.77,1106669.82,2005.0,551.9550224438904,31.723618341738092,37.2069825436409,-3.9964177480244167,96.037804434751,78.35014729902825,298.78,847.8199999999999,52940.94
