month,median_order_gbp,p90_order_gbp,max_order_gbp
2010-12,256.28,919.8720000000001,18745.86
2011-01,305.6,1031.83,77183.6
2011-02,303.22,904.844,14022.92
2011-03,294.605,888.8710000000012,21389.6
2011-04,300.25,832.1680000000009,21535.9
2011-05,304.69,817.4219999999998,14415.74
2011-06,284.85,817.4260000000002,38970.0
2011-07,301.645,856.9760000000007,13464.26
2011-08,306.0,998.8960000000002,21880.44
2011-09,323.865,1084.0989999999993,31698.16
2011-10,313.48,1040.5800000000013,22206.0
2011-11,298.78,847.8199999999999,52940.94
